shipment_id,shipment_volume,distance_km,transport_cost,warehouse_load_pct,weather_risk,traffic_index,shipping_mode,delivery_days,on_time
SHP0001,62,1327.39,6095.91,37.2,3,77.29,First Class,4.58,1
SHP0002,391,1596.09,8651.19,79.4,1,48.57,Standard,6.13,0
SHP0003,334,1658.3,3432.57,96.78,3,88.15,Standard,7.41,0
SHP0004,230,909.02,3911.97,88.89,2,39.28,First Class,2.76,1
SHP0005,227,938.89,7337.29,53.02,1,63.07,Same Day,2.34,1
SHP0006,432,1440.77,4626.0,38.47,0,34.73,Second Class,4.75,1
SHP0007,61,569.44,6668.67,96.12,2,59.62,Standard,5.73,0
SHP0008,354,1508.1,4218.43,95.91,2,32.2,Standard,7.38,0
SHP0009,116,891.98,2057.13,69.61,3,32.93,Standard,5.85,0
SHP0010,65,212.96,6745.05,76.75,2,68.98,Second Class,5.95,0
SHP0011,272,134.35,1310.72,65.07,0,41.1,First Class,1.81,1
SHP0012,488,1516.38,1907.47,62.28,2,33.79,Standard,5.92,0
SHP0013,373,104.74,5697.4,42.76,2,94.38,First Class,2.75,1
SHP0014,385,508.7,6763.34,41.29,1,23.44,Standard,4.55,1
SHP0015,364,604.76,8067.99,50.13,1,65.21,First Class,2.82,1
SHP0016,397,315.53,2562.39,89.38,3,63.86,Second Class,4.59,1
SHP0017,266,568.44,1129.91,44.48,2,40.05,Standard,5.6,0
SHP0018,81,1338.13,8611.01,49.74,2,56.22,Second Class,6.07,0
SHP0019,423,31.36,1516.64,70.66,1,27.02,Standard,4.23,1
SHP0020,236,1489.78,1899.35,48.98,1,77.7,Second Class,5.09,0
SHP0021,260,1542.5,2728.27,45.61,2,37.74,Standard,5.87,0
SHP0022,197,673.21,4835.11,71.62,3,35.47,Standard,5.49,0
SHP0023,107,280.74,7963.01,58.93,2,45.19,Standard,5.11,0
SHP0024,464,1083.51,6880.83,75.7,2,92.19,Standard,7.52,0
SHP0025,395,219.81,6417.19,94.29,0,83.72,Standard,4.58,1
SHP0026,329,660.03,1700.35,44.81,3,95.75,Standard,7.72,0
SHP0027,213,1725.38,3315.49,94.37,0,72.16,Second Class,5.82,0
SHP0028,414,1791.86,4383.88,93.66,3,73.03,Second Class,6.82,0
SHP0029,281,1390.93,1454.72,88.89,1,58.4,Standard,6.34,0
SHP0030,232,563.18,2569.85,76.03,3,92.41,Same Day,4.95,1
SHP0031,236,1239.36,2878.75,75.31,3,60.87,Same Day,5.38,0
SHP0032,129,1271.2,1276.39,76.55,3,48.4,Standard,7.28,0
SHP0033,64,701.18,5019.62,79.88,3,71.23,Same Day,3.67,1
SHP0034,286,1155.4,6389.5,36.07,2,63.69,Standard,5.71,0
SHP0035,446,24.26,768.89,97.28,3,29.92,Standard,5.18,0
SHP0036,50,380.26,4407.94,73.06,0,51.42,First Class,3.31,1
SHP0037,431,947.53,7072.57,85.8,0,45.07,Standard,4.75,1
SHP0038,417,298.93,6769.71,59.52,2,87.75,First Class,4.09,1
SHP0039,152,302.8,7363.4,35.81,3,50.31,Standard,5.17,0
SHP0040,323,1506.17,4116.93,68.13,3,85.72,Standard,7.2,0
SHP0041,99,1780.49,7411.93,67.97,2,55.39,First Class,4.94,1
SHP0042,383,1002.97,2280.66,63.4,2,80.28,First Class,4.62,1
SHP0043,356,1511.13,3343.17,57.08,2,30.82,Second Class,6.23,0
SHP0044,190,1782.63,1710.75,51.24,3,93.97,Second Class,6.93,0
SHP0045,52,259.16,4287.24,69.29,3,58.44,First Class,3.86,1
SHP0046,485,809.6,3619.73,59.39,0,40.78,Standard,3.5,1
SHP0047,233,709.67,2282.2,98.05,2,39.32,First Class,4.11,1
SHP0048,448,148.69,6803.26,46.24,1,41.21,Standard,4.64,1
SHP0049,345,1360.82,2927.54,55.78,3,49.34,First Class,5.96,0
SHP0050,393,783.63,2564.32,54.11,2,77.4,Standard,5.89,0
SHP0051,384,847.44,1308.38,70.32,3,95.97,First Class,5.59,0
SHP0052,113,275.46,4033.57,67.45,1,73.52,Second Class,3.81,1
SHP0053,194,329.76,2831.24,76.84,2,63.77,Standard,5.45,0
SHP0054,244,1633.25,3418.06,96.75,0,55.89,First Class,4.15,1
SHP0055,258,85.15,2238.58,53.54,3,86.26,Standard,5.66,0
SHP0056,41,422.97,6903.93,80.03,0,87.97,Second Class,3.96,1
SHP0057,282,529.25,8380.53,36.63,1,43.44,Standard,4.48,1
SHP0058,94,884.9,4556.7,52.06,3,96.27,Standard,6.57,0
SHP0059,376,1057.67,5840.54,65.14,3,51.61,Standard,6.08,0
SHP0060,347,890.46,7824.47,37.01,1,84.01,Same Day,3.86,1
SHP0061,462,155.99,8989.64,75.15,1,97.35,First Class,5.1,0
SHP0062,377,442.38,5579.62,79.09,0,76.29,First Class,2.0,1
SHP0063,195,1519.24,8024.55,83.54,3,32.92,Second Class,5.05,0
SHP0064,484,1149.47,8191.18,68.58,0,66.89,First Class,2.77,1
SHP0065,217,1170.22,7154.35,74.26,0,29.5,Standard,4.31,1
SHP0066,176,1208.01,4229.24,60.74,1,83.13,Standard,6.44,0
SHP0067,454,1374.41,868.21,37.68,0,42.51,Standard,5.02,0
SHP0068,197,109.3,289.88,41.5,0,75.62,Second Class,3.15,1
SHP0069,56,663.06,4373.23,77.57,2,92.81,Second Class,5.68,0
SHP0070,245,973.45,4524.68,99.71,2,34.48,Standard,5.04,0
SHP0071,401,612.53,3755.16,36.03,1,51.43,Second Class,3.57,1
SHP0072,110,1520.84,5178.28,71.24,3,71.77,Second Class,6.48,0
SHP0073,242,871.22,5036.64,83.82,2,53.57,Second Class,3.88,1
SHP0074,82,1384.69,7554.03,88.74,0,33.99,Standard,4.05,1
SHP0075,349,1534.37,1111.62,70.44,2,22.33,Standard,5.04,0
SHP0076,248,911.1,2142.82,75.29,2,52.53,First Class,4.49,1
SHP0077,178,1637.65,7168.09,80.29,3,71.94,Second Class,6.85,0
SHP0078,128,1058.89,7653.36,90.83,0,65.92,First Class,3.8,1
SHP0079,290,1531.24,8954.19,42.95,0,32.5,Second Class,2.78,1
SHP0080,341,616.36,7875.27,95.2,1,56.06,Standard,3.91,1
SHP0081,471,900.38,8025.61,36.69,1,49.56,First Class,3.57,1
SHP0082,229,958.88,2931.98,89.35,3,41.94,Standard,4.29,1
SHP0083,97,193.44,3704.71,39.99,2,78.34,Second Class,5.08,0
SHP0084,419,720.4,2522.55,47.65,2,44.77,Same Day,1.27,1
SHP0085,322,1651.62,5515.75,35.25,2,63.21,Standard,6.98,0
SHP0086,356,1137.34,8458.43,63.94,3,93.86,Second Class,5.81,0
SHP0087,66,323.62,3200.07,56.73,1,63.14,Standard,5.1,0
SHP0088,169,613.25,5079.47,45.79,0,69.36,Second Class,5.64,0
SHP0089,388,348.93,2772.25,64.32,0,25.86,Standard,1.79,1
SHP0090,419,49.56,1652.73,61.15,1,34.25,Second Class,3.34,1
SHP0091,228,1669.79,1877.39,84.9,2,28.08,Second Class,4.24,1
SHP0092,406,809.53,662.82,93.05,1,81.19,Standard,5.82,0
SHP0093,424,557.03,8551.25,77.42,1,86.87,Second Class,4.41,1
SHP0094,205,1079.27,3715.48,43.09,1,34.92,Second Class,4.12,1
SHP0095,451,18.13,7531.97,54.2,3,37.54,Standard,4.08,1
SHP0096,158,504.05,6179.77,94.37,3,45.86,Standard,6.15,0
SHP0097,134,1266.95,1848.5,40.77,0,67.29,Standard,4.03,1
SHP0098,347,1142.62,1702.84,61.45,0,69.74,Standard,5.8,0
SHP0099,325,1767.34,7336.1,96.26,0,74.94,Standard,5.78,0
SHP0100,87,1118.54,2492.7,96.79,3,92.42,Standard,6.32,0
SHP0101,419,862.12,8232.57,61.73,1,43.6,Standard,5.78,0
SHP0102,115,1371.77,1389.49,78.38,3,72.7,Second Class,6.33,0
SHP0103,406,1626.47,6147.72,64.69,2,64.78,Same Day,5.25,0
SHP0104,23,1298.65,7358.09,83.97,2,44.47,Standard,6.76,0
SHP0105,402,1733.96,2232.02,37.05,1,92.59,Standard,6.0,0
SHP0106,397,1408.7,2594.44,44.37,1,27.64,Second Class,4.25,1
SHP0107,394,1560.91,8685.99,74.92,0,76.96,First Class,4.19,1
SHP0108,339,209.82,2491.69,50.12,2,78.23,Second Class,5.35,0
SHP0109,246,1319.68,3955.12,78.29,1,93.23,Standard,6.57,0
SHP0110,358,794.96,3977.76,57.83,1,61.49,Standard,5.07,0
SHP0111,153,997.82,2389.36,92.63,0,45.73,First Class,2.85,1
SHP0112,394,1179.11,7015.75,88.25,3,86.22,Standard,7.11,0
SHP0113,286,1745.82,6980.87,67.03,3,81.66,Standard,8.47,0
SHP0114,240,1772.32,3498.11,85.24,1,60.03,Standard,6.27,0
SHP0115,262,522.37,7540.86,52.62,2,81.43,First Class,3.65,1
SHP0116,292,1322.09,2035.71,67.13,3,41.43,Standard,6.02,0
SHP0117,37,1351.22,188.11,47.84,2,67.16,Standard,5.86,0
SHP0118,87,626.95,5204.83,90.96,2,89.21,Standard,5.09,0
SHP0119,137,227.35,8947.59,88.5,1,45.44,Same Day,1.08,1
SHP0120,74,78.5,492.0,93.64,2,58.68,Standard,5.79,0
SHP0121,231,1400.33,1990.78,92.04,2,96.08,Standard,6.93,0
SHP0122,340,884.01,4742.39,97.37,2,83.86,Second Class,6.01,0
SHP0123,334,1774.04,7317.98,49.84,2,90.96,Second Class,4.85,1
SHP0124,246,839.63,938.02,95.57,2,50.82,Standard,5.97,0
SHP0125,430,1760.36,3647.83,72.13,0,99.72,Standard,6.24,0
SHP0126,291,743.78,6761.62,62.46,3,32.21,Same Day,2.58,1
SHP0127,58,1429.66,3438.16,71.42,3,61.5,Second Class,6.32,0
SHP0128,387,157.25,1821.2,57.27,0,58.34,First Class,1.66,1
SHP0129,295,1002.05,1880.14,53.76,1,83.87,Standard,4.2,1
SHP0130,324,1444.7,3778.93,50.69,3,92.69,Standard,7.96,0
SHP0131,291,1664.84,4392.84,40.36,1,78.49,Second Class,5.66,0
SHP0132,285,1481.54,7777.06,67.28,3,70.15,First Class,5.29,0
SHP0133,63,71.36,5833.93,92.7,3,54.19,First Class,3.04,1
SHP0134,288,674.0,6260.06,75.96,3,60.83,Second Class,4.35,1
SHP0135,401,92.41,8849.44,68.86,0,60.74,Standard,3.76,1
SHP0136,165,201.16,3794.81,62.86,1,21.63,Standard,4.61,1
SHP0137,309,1217.17,3719.69,65.19,2,60.24,Same Day,3.57,1
SHP0138,34,1285.3,8321.62,48.6,3,88.48,Same Day,3.58,1
SHP0139,186,1393.83,2326.0,88.49,0,76.74,First Class,4.13,1
SHP0140,229,1558.49,6608.86,47.89,1,83.66,Standard,6.18,0
SHP0141,491,1332.28,6827.97,81.58,0,51.24,Standard,5.57,0
SHP0142,123,1442.56,1015.42,84.4,3,62.32,Standard,7.4,0
SHP0143,152,92.89,4293.85,72.37,3,22.68,Second Class,1.96,1
SHP0144,216,425.99,1924.98,91.09,0,50.64,Standard,4.32,1
SHP0145,496,1121.31,1790.57,53.92,0,57.95,Second Class,3.36,1
SHP0146,429,1545.33,4254.88,92.31,1,40.42,Standard,4.76,1
SHP0147,36,13.08,2711.45,82.41,3,22.5,Standard,4.44,1
SHP0148,132,928.76,7195.13,86.92,1,75.23,Second Class,5.11,0
SHP0149,414,1220.73,8182.3,78.2,1,54.81,Standard,4.4,1
SHP0150,47,58.15,7254.08,90.01,1,53.25,Second Class,3.88,1
SHP0151,430,725.43,2504.37,99.55,2,40.0,Standard,5.78,0
SHP0152,155,1612.66,2576.09,62.31,1,63.03,First Class,4.42,1
SHP0153,460,1210.54,2404.35,87.9,0,55.04,Second Class,3.71,1
SHP0154,160,431.6,1345.09,83.4,3,57.92,First Class,3.47,1
SHP0155,228,1535.74,8502.62,64.44,1,66.47,Same Day,4.04,1
SHP0156,337,629.72,3708.12,95.25,1,20.51,Same Day,0.66,1
SHP0157,80,1536.75,2138.5,60.64,2,92.62,Second Class,6.97,0
SHP0158,287,541.6,7643.04,71.76,2,25.69,Standard,4.54,1
SHP0159,262,1064.62,3682.88,41.89,0,56.07,Second Class,3.78,1
SHP0160,396,717.51,460.78,49.68,0,36.59,Second Class,2.01,1
SHP0161,498,498.31,1583.18,89.65,0,61.9,Standard,4.15,1
SHP0162,338,1596.37,5807.37,60.78,3,42.42,Standard,7.09,0
SHP0163,216,341.73,7078.71,60.62,2,88.8,First Class,3.0,1
SHP0164,215,157.24,2016.77,50.99,3,51.71,Second Class,4.7,1
SHP0165,220,618.76,8268.95,66.95,2,71.1,Standard,5.58,0
SHP0166,410,1293.16,7681.32,87.38,1,39.91,Standard,4.93,1
SHP0167,174,1454.34,7658.17,93.19,2,21.55,Second Class,5.65,0
SHP0168,100,1797.74,2164.8,39.56,2,52.33,Standard,5.01,0
SHP0169,180,536.97,597.24,72.36,1,62.92,First Class,3.39,1
SHP0170,30,737.26,7826.7,65.37,3,56.76,Second Class,6.3,0
SHP0171,70,250.59,2856.33,74.93,3,96.96,Standard,7.08,0
SHP0172,63,1036.9,5627.41,64.07,3,76.55,Standard,6.91,0
SHP0173,390,1795.66,6875.71,60.91,3,99.65,Standard,7.77,0
SHP0174,366,1263.08,1285.4,65.67,1,43.6,Same Day,2.23,1
SHP0175,354,1073.41,7060.42,72.83,0,83.12,First Class,3.42,1
SHP0176,241,709.3,8455.83,67.56,1,64.44,Same Day,2.72,1
SHP0177,364,1647.96,6596.12,65.69,2,68.94,First Class,4.59,1
SHP0178,97,896.97,4054.82,88.16,3,98.87,Same Day,4.93,1
SHP0179,452,246.19,7908.6,83.47,1,72.32,Standard,6.03,0
SHP0180,260,660.85,4818.0,57.19,1,91.91,Standard,5.3,0
SHP0181,470,125.56,6741.22,87.04,1,78.06,Standard,3.75,1
SHP0182,93,367.55,7411.48,90.49,3,30.19,Second Class,3.6,1
SHP0183,258,36.72,6781.77,44.98,0,75.95,Same Day,1.59,1
SHP0184,354,818.64,2697.52,72.87,1,58.75,Standard,4.99,1
SHP0185,257,1144.0,1192.92,53.55,0,93.5,Same Day,3.35,1
SHP0186,234,621.21,2259.3,83.05,3,84.55,Standard,6.07,0
SHP0187,99,759.59,4600.44,50.52,1,28.33,Same Day,2.21,1
SHP0188,202,1726.78,4621.7,78.64,0,30.71,Standard,4.99,1
SHP0189,134,1354.77,5306.4,51.58,1,25.57,Standard,4.47,1
SHP0190,164,975.84,3646.65,68.22,0,59.46,Standard,4.39,1
SHP0191,348,515.75,7113.99,96.66,1,26.46,Standard,3.45,1
SHP0192,322,1615.11,8231.41,59.78,3,77.89,Standard,8.64,0
SHP0193,311,427.0,2333.52,91.92,2,64.19,First Class,3.66,1
SHP0194,193,588.99,6668.23,99.15,3,86.87,Standard,6.93,0
SHP0195,480,1636.77,6150.05,91.87,2,42.38,Standard,6.03,0
SHP0196,62,955.53,4779.35,45.78,3,61.53,Standard,5.5,0
SHP0197,184,1337.46,1818.49,88.28,1,29.4,Second Class,4.36,1
SHP0198,76,1065.39,7187.81,37.09,3,90.77,Second Class,6.8,0
SHP0199,182,1177.92,8651.54,60.56,0,34.0,Standard,4.05,1
SHP0200,481,542.39,6538.25,91.6,1,28.19,Standard,3.69,1
SHP0201,195,438.26,8273.06,79.77,2,36.4,Second Class,4.16,1
SHP0202,456,583.87,8860.04,69.63,1,84.5,First Class,3.91,1
SHP0203,257,284.02,3265.65,60.21,1,28.47,First Class,3.23,1
SHP0204,355,1574.39,5798.28,87.8,0,69.15,Second Class,5.19,0
SHP0205,239,513.43,4344.3,81.12,0,79.69,First Class,3.36,1
SHP0206,147,1012.87,8881.66,65.45,2,80.09,Same Day,4.02,1
SHP0207,386,1426.59,980.2,93.01,3,35.2,Same Day,3.2,1
SHP0208,485,1411.96,3799.52,49.95,0,24.93,Standard,3.82,1
SHP0209,146,791.9,7898.52,46.08,1,55.9,Same Day,1.48,1
SHP0210,393,859.88,2663.85,76.78,3,36.2,Same Day,2.33,1
SHP0211,145,1790.49,7121.97,98.18,3,75.94,Second Class,7.57,0
SHP0212,364,1215.9,3537.63,51.07,0,48.54,First Class,3.23,1
SHP0213,398,1467.28,8822.81,51.23,2,55.95,Standard,6.23,0
SHP0214,235,1625.08,7969.24,44.07,0,29.08,Standard,3.05,1
SHP0215,373,1418.72,2816.69,90.94,0,65.4,Second Class,6.06,0
SHP0216,150,337.4,6966.21,49.72,0,34.84,Second Class,2.05,1
SHP0217,58,1014.1,3131.18,67.71,2,74.32,Second Class,6.69,0
SHP0218,66,187.9,5516.31,99.41,0,25.69,Same Day,0.5,1
SHP0219,234,1177.0,5977.55,35.79,1,98.07,Second Class,4.71,1
SHP0220,453,1719.85,7491.92,71.17,0,74.76,First Class,2.8,1
SHP0221,81,925.35,366.39,68.3,1,34.54,First Class,3.33,1
SHP0222,238,782.19,2098.4,87.48,2,21.13,Standard,4.23,1
SHP0223,357,69.34,6450.47,58.09,1,46.76,First Class,1.53,1
SHP0224,117,1727.8,5137.18,61.67,1,32.23,First Class,3.08,1
SHP0225,366,189.89,4536.1,45.92,2,37.47,Second Class,4.08,1
SHP0226,166,78.74,638.61,83.15,2,89.82,Second Class,5.07,0
SHP0227,408,446.69,3232.24,86.01,0,68.26,First Class,3.86,1
SHP0228,298,122.63,7806.14,43.88,3,34.12,Same Day,1.63,1
SHP0229,282,821.94,423.4,60.57,3,64.53,First Class,4.7,1
SHP0230,104,931.38,3658.46,93.04,2,40.46,First Class,3.07,1
SHP0231,242,566.06,8514.56,35.18,2,98.1,Standard,5.54,0
SHP0232,431,96.47,600.29,54.42,2,22.62,Standard,3.61,1
SHP0233,29,205.32,6784.9,71.08,1,78.59,Second Class,4.24,1
SHP0234,384,695.19,2429.87,56.72,1,81.84,Second Class,5.16,0
SHP0235,256,113.65,7819.49,52.68,1,25.37,Standard,4.1,1
SHP0236,365,1258.25,6752.7,64.9,0,33.75,Standard,3.96,1
SHP0237,338,376.6,7988.49,46.8,3,50.74,First Class,4.35,1
SHP0238,227,547.22,2060.93,69.43,1,89.45,First Class,3.6,1
SHP0239,168,712.46,4851.94,80.94,1,62.96,Second Class,4.11,1
SHP0240,321,752.81,7046.54,72.39,3,72.42,Standard,5.83,0
SHP0241,87,7.98,2324.44,41.05,2,82.64,First Class,2.88,1
SHP0242,300,206.17,2192.1,89.89,2,86.25,Second Class,5.87,0
SHP0243,65,1553.66,390.56,46.37,0,58.1,Second Class,4.69,1
SHP0244,331,7.21,8632.86,84.71,1,60.7,Second Class,3.57,1
SHP0245,321,917.16,6433.65,58.44,2,77.44,Second Class,5.07,0
SHP0246,60,883.66,5774.71,85.88,1,41.07,Standard,6.45,0
SHP0247,383,602.9,6734.35,48.41,0,88.36,Standard,5.45,0
SHP0248,219,779.23,4854.77,47.13,3,21.66,First Class,3.19,1
SHP0249,397,1406.14,4363.78,67.31,1,35.66,First Class,3.51,1
SHP0250,39,1514.96,4128.36,37.14,2,84.02,Standard,6.51,0
SHP0251,106,472.33,5817.89,49.64,1,47.22,Second Class,3.66,1
SHP0252,257,583.87,1933.58,82.06,2,31.99,Same Day,1.81,1
SHP0253,110,440.26,8009.32,89.43,3,34.94,Second Class,4.93,1
SHP0254,178,866.35,7334.01,40.25,3,62.46,Standard,7.0,0
SHP0255,337,1231.45,3243.64,92.34,0,87.69,Standard,4.76,1
SHP0256,89,414.71,5270.69,86.84,2,25.65,Standard,3.85,1
SHP0257,345,598.67,1398.09,91.53,3,22.44,Standard,5.01,0
SHP0258,69,1675.04,8755.26,80.4,2,57.21,Second Class,5.64,0
SHP0259,104,92.18,8140.6,78.82,0,96.49,Second Class,4.92,1
SHP0260,302,832.08,8308.79,69.13,0,42.32,First Class,3.23,1
SHP0261,400,1282.25,3089.64,77.43,0,96.73,Standard,6.36,0
SHP0262,101,275.06,1646.84,94.74,0,91.01,Standard,4.36,1
SHP0263,163,90.04,2024.18,41.53,3,42.65,First Class,2.99,1
SHP0264,464,253.08,946.51,55.52,3,85.36,Standard,4.88,1
SHP0265,495,1654.29,1212.98,39.71,2,74.87,Second Class,6.48,0
SHP0266,298,21.62,781.05,96.41,2,60.95,Same Day,2.52,1
SHP0267,234,343.04,8909.93,63.94,3,53.83,Second Class,5.55,0
SHP0268,186,61.15,805.41,78.9,1,85.24,Standard,4.49,1
SHP0269,313,203.58,1323.0,89.67,1,83.45,Standard,4.74,1
SHP0270,303,1118.17,7471.2,99.42,2,80.55,Second Class,5.9,0
SHP0271,161,438.74,5285.13,45.52,1,99.86,Standard,5.73,0
SHP0272,30,1026.74,7003.59,86.97,0,58.28,Standard,3.85,1
SHP0273,92,1064.4,5733.57,92.68,2,84.55,Standard,6.93,0
SHP0274,480,1529.74,7957.25,38.18,3,89.0,Standard,7.3,0
SHP0275,220,13.51,5800.44,84.02,0,36.93,Second Class,1.8,1
SHP0276,251,1536.8,4770.81,58.06,0,23.37,Standard,3.26,1
SHP0277,244,1116.32,6457.83,77.16,1,52.38,Standard,5.21,0
SHP0278,395,297.12,4109.43,68.41,3,88.54,Standard,6.95,0
SHP0279,51,1392.42,3212.66,51.88,2,43.13,First Class,5.35,0
SHP0280,59,1540.61,4288.72,43.79,2,76.0,Standard,6.81,0
SHP0281,152,461.4,1651.97,42.6,2,20.59,Standard,5.56,0
SHP0282,253,1654.23,7199.66,41.72,1,48.43,Second Class,4.93,1
SHP0283,342,820.75,2457.23,76.46,2,69.24,Standard,6.41,0
SHP0284,255,1088.15,1508.75,57.84,0,30.38,Second Class,3.21,1
SHP0285,231,1772.45,2330.22,49.08,0,91.73,First Class,4.14,1
SHP0286,470,653.96,7602.32,79.97,3,32.5,First Class,3.46,1
SHP0287,97,1464.62,3072.28,79.65,2,92.78,Standard,5.67,0
SHP0288,294,576.53,6221.54,70.05,0,37.31,Standard,4.62,1
SHP0289,280,1439.59,7729.23,95.77,1,99.54,Second Class,5.53,0
SHP0290,247,1083.32,838.04,60.05,0,68.38,Standard,4.37,1
SHP0291,407,393.36,6920.47,89.33,2,26.75,Second Class,3.12,1
SHP0292,148,748.18,2872.84,39.88,3,25.22,Second Class,4.41,1
SHP0293,477,575.16,2067.11,83.09,1,25.99,Standard,5.35,0
SHP0294,179,145.2,6246.78,99.25,1,67.19,Standard,5.89,0
SHP0295,281,58.55,8201.7,90.03,0,84.77,Standard,3.06,1
SHP0296,269,626.93,2760.92,72.68,1,52.24,Standard,4.45,1
SHP0297,427,39.17,5184.18,75.74,1,55.59,Standard,3.38,1
SHP0298,230,302.05,2715.03,57.96,0,67.14,First Class,2.96,1
SHP0299,156,1306.7,5055.43,79.17,1,62.64,Second Class,5.21,0
SHP0300,30,1276.02,5653.48,85.08,3,75.04,First Class,5.03,0
SHP0301,194,1330.75,5551.47,99.88,3,57.74,Standard,6.93,0
SHP0302,416,574.29,5668.39,67.01,1,77.11,Standard,4.72,1
SHP0303,24,1602.58,1345.46,38.98,3,99.78,Standard,8.65,0
SHP0304,450,1070.93,6287.83,73.73,0,48.02,Second Class,4.25,1
SHP0305,280,231.22,6121.54,42.74,3,20.98,Same Day,2.4,1
SHP0306,87,262.97,6190.9,50.91,1,30.05,Standard,1.98,1
SHP0307,165,1249.11,805.52,56.37,2,64.28,Standard,6.05,0
SHP0308,285,315.43,4104.52,82.52,0,47.54,Second Class,4.38,1
SHP0309,171,915.59,3769.96,46.95,3,95.2,First Class,6.01,0
SHP0310,72,1785.24,917.4,45.77,1,70.2,Second Class,4.33,1
SHP0311,339,12.19,2117.96,37.92,3,61.63,Second Class,4.1,1
SHP0312,342,34.76,4052.52,91.76,0,83.84,Second Class,2.62,1
SHP0313,77,1787.59,6724.72,80.08,2,40.69,Second Class,6.87,0
SHP0314,154,1054.43,2248.0,37.6,0,85.58,Standard,5.19,0
SHP0315,137,232.8,7493.29,36.84,3,20.24,Second Class,3.32,1
SHP0316,336,1615.66,4980.31,71.31,1,69.57,Second Class,5.49,0
SHP0317,370,1585.28,6879.73,53.36,2,94.78,Same Day,2.73,1
SHP0318,368,967.48,4332.12,73.79,3,83.03,Standard,6.04,0
SHP0319,470,1121.12,4567.87,63.25,2,88.29,Second Class,5.74,0
SHP0320,388,495.37,5634.52,95.02,0,51.76,Second Class,3.95,1
SHP0321,173,95.68,8362.54,53.71,0,85.94,First Class,1.12,1
SHP0322,71,1072.25,4502.54,79.14,0,64.07,Standard,4.67,1
SHP0323,315,534.09,4828.62,38.51,3,69.48,Standard,6.43,0
SHP0324,459,1196.2,5477.67,97.13,3,24.71,Same Day,2.57,1
SHP0325,488,1506.06,6677.01,98.75,1,36.12,First Class,4.15,1
SHP0326,130,37.6,785.88,83.04,3,64.08,First Class,3.79,1
SHP0327,133,1074.31,4713.83,65.24,0,24.7,Standard,5.24,0
SHP0328,37,420.15,4412.09,49.3,2,79.32,Standard,5.18,0
SHP0329,87,1573.63,8306.91,87.81,1,87.2,Second Class,5.72,0
SHP0330,286,460.33,4517.53,82.86,0,93.63,Second Class,4.59,1
SHP0331,282,1101.33,4294.64,49.43,1,28.14,Standard,3.81,1
SHP0332,198,998.61,8665.47,64.33,1,95.18,Standard,5.7,0
SHP0333,168,716.12,4137.6,65.08,1,25.41,First Class,2.36,1
SHP0334,418,1221.33,1750.83,88.72,0,57.92,First Class,3.35,1
SHP0335,240,1307.76,2069.71,79.45,1,87.22,Second Class,6.02,0
SHP0336,407,1022.65,992.41,76.81,0,25.62,Standard,4.51,1
SHP0337,482,1366.37,155.03,77.24,3,21.46,Standard,5.65,0
SHP0338,172,1770.23,3972.72,52.58,1,22.0,Standard,5.47,0
SHP0339,117,757.59,6957.8,59.16,0,60.9,Standard,5.33,0
SHP0340,477,928.68,6641.18,37.97,2,84.93,Second Class,4.73,1
SHP0341,324,27.38,434.52,86.15,3,30.19,Second Class,4.14,1
SHP0342,159,1433.87,5194.35,63.14,1,29.97,Same Day,2.46,1
SHP0343,318,938.81,1515.41,63.49,3,65.48,Standard,6.3,0
SHP0344,267,737.29,8478.53,50.95,2,38.74,Standard,3.93,1
SHP0345,454,173.86,1631.18,48.61,2,78.42,Second Class,5.23,0
SHP0346,142,1601.93,5695.76,73.21,1,95.97,Same Day,3.54,1
SHP0347,495,714.04,3037.21,50.12,0,81.28,Standard,5.29,0
SHP0348,469,1230.23,5827.82,39.17,1,90.17,Standard,5.48,0
SHP0349,106,273.13,3798.49,84.89,3,61.57,Standard,5.19,0
SHP0350,99,1730.98,6872.84,59.47,3,86.59,First Class,6.83,0
SHP0351,275,325.3,2191.51,59.72,3,34.63,Standard,5.67,0
SHP0352,41,363.18,8166.26,63.04,3,25.47,Standard,5.06,0
SHP0353,163,1546.87,4576.86,87.98,1,72.48,Standard,6.73,0
SHP0354,228,1643.09,6841.42,55.85,1,24.16,Standard,5.1,0
SHP0355,485,385.8,7670.11,84.27,3,91.4,Standard,6.26,0
SHP0356,496,848.29,8989.63,96.07,2,75.32,Standard,5.62,0
SHP0357,92,1321.62,2131.92,77.96,1,96.18,Standard,6.92,0
SHP0358,448,1581.67,2689.0,63.06,1,45.11,Second Class,4.49,1
SHP0359,63,685.4,2366.33,83.61,3,58.89,Second Class,6.3,0
SHP0360,379,933.05,2476.41,64.76,0,79.34,Standard,4.73,1
SHP0361,425,1336.38,5304.64,61.94,0,39.42,Standard,4.7,1
SHP0362,447,1317.39,8942.67,69.14,2,63.35,Same Day,4.13,1
SHP0363,127,1410.41,8913.96,55.65,0,72.76,First Class,3.75,1
SHP0364,448,1028.03,4811.94,41.78,0,98.3,Standard,5.06,0
SHP0365,75,192.78,5805.39,61.97,3,79.58,Standard,5.67,0
SHP0366,269,1627.63,7760.74,43.05,1,29.45,Standard,5.87,0
SHP0367,245,1558.7,8406.46,61.68,2,58.03,Second Class,5.25,0
SHP0368,171,1437.58,1954.17,71.2,1,67.1,Standard,5.83,0
SHP0369,30,184.25,4827.59,95.5,0,31.73,Standard,3.37,1
SHP0370,390,371.89,7520.61,37.35,0,54.56,Second Class,3.51,1
SHP0371,181,1339.76,2833.34,75.39,3,42.72,First Class,4.81,1
SHP0372,337,46.54,4042.31,64.75,0,29.51,Standard,4.15,1
SHP0373,216,1762.71,8872.75,36.32,2,60.96,Same Day,3.83,1
SHP0374,199,681.97,8867.66,51.22,1,33.25,Standard,4.12,1
SHP0375,445,1296.17,8169.05,42.7,1,67.24,Standard,5.46,0
SHP0376,65,1598.19,7216.27,49.09,3,33.58,Standard,5.61,0
SHP0377,373,713.36,2531.8,52.85,2,77.89,Second Class,4.3,1
SHP0378,378,577.84,2989.52,61.08,2,35.62,Standard,4.46,1
SHP0379,202,1097.69,4993.45,69.39,1,91.7,First Class,5.07,0
SHP0380,145,1047.88,5112.88,35.06,1,22.1,Standard,4.39,1
SHP0381,22,739.41,4623.7,45.52,2,61.76,First Class,3.46,1
SHP0382,469,1085.19,5784.53,41.08,0,45.61,Standard,5.17,0
SHP0383,474,1684.01,3763.66,70.73,0,38.01,Standard,6.14,0
SHP0384,135,844.41,6780.19,56.39,2,57.73,First Class,4.71,1
SHP0385,35,358.15,3101.92,70.65,2,87.36,First Class,3.37,1
SHP0386,78,682.08,3076.49,49.42,0,93.22,Standard,4.47,1
SHP0387,52,712.42,1275.95,36.57,3,44.26,First Class,5.1,0
SHP0388,418,240.34,1820.1,96.19,2,32.34,First Class,3.1,1
SHP0389,448,297.35,7677.11,42.04,0,77.61,Second Class,3.13,1
SHP0390,93,1233.79,4099.6,43.25,3,66.56,Standard,7.06,0
SHP0391,378,614.36,2166.63,44.53,3,36.08,Standard,5.96,0
SHP0392,106,1719.04,6870.17,98.78,1,80.82,Second Class,5.59,0
SHP0393,196,442.26,5052.73,75.15,1,61.51,Standard,4.78,1
SHP0394,307,182.57,337.23,74.67,1,72.27,Second Class,4.42,1
SHP0395,365,1357.54,2949.8,99.14,2,48.75,Second Class,4.75,1
SHP0396,439,1586.46,1716.46,40.75,0,55.13,Second Class,4.45,1
SHP0397,41,504.21,5954.47,98.34,1,34.43,Second Class,2.94,1
SHP0398,114,367.75,2584.02,48.26,0,80.52,Second Class,2.84,1
SHP0399,154,338.45,724.78,75.5,0,32.56,Standard,3.08,1
SHP0400,168,942.01,636.17,62.31,1,82.26,Same Day,3.25,1
SHP0401,499,845.81,5298.29,59.96,2,83.84,Standard,5.77,0
SHP0402,393,470.69,342.25,95.53,3,79.73,First Class,4.2,1
SHP0403,173,86.09,7661.81,44.7,0,21.55,Second Class,2.09,1
SHP0404,486,869.28,1525.26,99.81,0,41.85,First Class,2.05,1
SHP0405,259,1727.0,5518.11,59.64,1,57.47,Standard,6.29,0
SHP0406,260,1176.27,4085.49,77.17,2,67.64,Standard,6.93,0
SHP0407,228,894.43,4069.24,97.91,3,93.54,Second Class,6.24,0
SHP0408,89,203.69,785.4,38.74,2,50.05,First Class,2.75,1
SHP0409,468,458.12,7254.36,94.99,2,90.0,First Class,4.48,1
SHP0410,26,534.12,8053.51,71.91,0,33.07,Standard,2.35,1
SHP0411,103,1377.82,247.5,80.79,0,49.7,Second Class,4.68,1
SHP0412,130,1578.7,1730.65,44.7,0,24.18,Standard,6.61,0
SHP0413,154,1623.45,8149.55,69.67,2,79.4,Second Class,6.12,0
SHP0414,83,1772.3,5013.02,78.78,1,32.05,First Class,4.05,1
SHP0415,28,1768.35,1477.85,64.66,0,40.56,Standard,5.72,0
SHP0416,345,1715.63,1944.7,45.07,2,82.02,Second Class,7.28,0
SHP0417,485,133.92,5990.88,50.87,3,62.78,Same Day,3.28,1
SHP0418,78,252.34,6564.63,90.54,1,21.12,Standard,2.38,1
SHP0419,162,551.52,5454.93,37.24,3,20.18,First Class,3.66,1
SHP0420,263,997.45,8585.36,81.08,2,60.85,Second Class,6.85,0
SHP0421,465,179.08,4522.46,99.96,2,44.4,Second Class,4.42,1
SHP0422,353,1523.21,2807.41,35.49,3,34.42,Second Class,4.86,1
SHP0423,387,1112.08,4373.51,45.47,0,69.09,Standard,5.03,0
SHP0424,298,978.54,3333.05,78.82,3,38.27,Same Day,2.55,1
SHP0425,220,301.73,2136.08,38.9,3,67.38,Standard,6.26,0
SHP0426,115,459.59,556.77,73.34,3,50.34,Standard,4.93,1
SHP0427,434,292.76,3267.08,79.46,2,34.94,Standard,4.61,1
SHP0428,405,1534.22,6445.97,73.23,3,31.05,Standard,5.93,0
SHP0429,32,1053.69,313.17,58.74,3,38.95,Standard,5.61,0
SHP0430,363,1324.56,4036.73,80.32,3,22.39,Standard,7.09,0
SHP0431,60,536.38,5849.48,73.63,3,44.65,Second Class,4.91,1
SHP0432,374,671.4,5552.08,48.5,3,92.16,Second Class,5.34,0
SHP0433,416,731.71,7023.34,71.6,1,86.51,Standard,4.67,1
SHP0434,82,1369.23,7323.1,92.32,2,49.76,Second Class,4.28,1
SHP0435,228,1391.37,6448.6,78.34,1,66.07,Standard,5.07,0
SHP0436,79,376.23,1059.76,65.67,3,65.39,First Class,4.15,1
SHP0437,292,1695.06,4353.95,55.9,3,86.3,Standard,8.21,0
SHP0438,465,221.58,5490.14,40.58,3,38.9,First Class,2.9,1
SHP0439,58,1613.54,2323.26,50.9,2,43.71,Standard,7.15,0
SHP0440,210,185.21,526.58,35.73,1,44.14,First Class,1.71,1
SHP0441,487,479.85,2128.77,99.13,0,23.27,First Class,1.83,1
SHP0442,164,1524.43,4175.82,49.46,2,45.18,Standard,5.34,0
SHP0443,83,327.19,3813.28,87.97,2,90.23,Standard,6.29,0
SHP0444,254,747.35,1713.5,45.96,2,92.96,Standard,7.31,0
SHP0445,264,812.5,7446.08,53.43,2,28.77,Standard,3.77,1
SHP0446,338,445.24,8342.33,62.19,3,56.64,Second Class,4.65,1
SHP0447,170,1279.89,1931.93,56.09,0,50.51,Standard,5.6,0
SHP0448,478,1533.15,8376.72,86.89,1,59.15,Second Class,4.34,1
SHP0449,270,1574.86,308.07,97.25,2,64.38,Standard,7.1,0
SHP0450,157,614.08,8335.92,91.89,3,21.62,Second Class,5.42,0
SHP0451,480,957.88,8574.57,44.98,3,87.38,Same Day,4.09,1
SHP0452,463,450.89,256.66,85.48,3,97.89,Standard,6.82,0
SHP0453,259,444.41,6902.72,44.62,3,72.27,Standard,6.9,0
SHP0454,31,294.45,8736.28,94.37,3,72.84,First Class,5.55,0
SHP0455,306,1692.33,8167.23,68.66,2,62.24,Standard,6.62,0
SHP0456,286,1598.94,8740.78,56.86,0,46.74,Standard,4.76,1
SHP0457,91,1400.36,5020.36,45.21,2,31.92,First Class,3.43,1
SHP0458,324,934.2,841.68,35.77,2,66.73,Standard,6.27,0
SHP0459,423,885.64,7670.63,51.12,0,23.6,First Class,1.3,1
SHP0460,70,955.89,5582.38,94.41,3,85.96,Same Day,4.15,1
SHP0461,367,968.14,5590.42,86.82,2,53.67,Standard,5.82,0
SHP0462,87,785.04,3842.69,98.04,3,53.18,First Class,4.21,1
SHP0463,379,241.5,5210.8,41.55,0,46.17,First Class,1.95,1
SHP0464,221,230.57,1509.18,73.49,3,97.55,Standard,7.79,0
SHP0465,23,1714.29,6696.96,51.71,1,33.99,Same Day,2.85,1
SHP0466,483,870.25,813.9,70.29,2,32.1,Standard,4.86,1
SHP0467,99,1716.0,6608.56,55.83,2,33.24,Standard,6.75,0
SHP0468,306,298.62,7663.46,53.43,2,72.68,First Class,3.64,1
SHP0469,107,1000.18,4331.35,72.3,3,99.35,Standard,8.01,0
SHP0470,467,377.85,4662.0,46.92,0,38.84,First Class,1.94,1
SHP0471,374,459.47,2913.1,65.49,2,92.45,Standard,5.55,0
SHP0472,406,58.95,8729.71,77.3,3,42.29,Same Day,1.19,1
SHP0473,227,218.52,6638.15,43.33,0,71.83,Standard,2.76,1
SHP0474,244,1650.74,3415.55,95.49,1,23.24,First Class,2.73,1
SHP0475,324,582.15,1697.05,67.87,1,59.65,Standard,4.98,1
SHP0476,396,1096.59,2093.28,88.27,2,72.37,First Class,3.76,1
SHP0477,426,839.7,4255.71,77.5,3,62.91,First Class,5.47,0
SHP0478,28,723.81,8491.73,81.15,3,39.03,Second Class,5.03,0
SHP0479,338,959.74,6647.2,81.55,3,86.28,Standard,6.69,0
SHP0480,72,341.09,2054.91,91.88,1,97.61,Standard,4.72,1
SHP0481,158,1779.54,7757.12,74.88,2,56.74,Same Day,4.51,1
SHP0482,418,1473.86,3497.07,53.08,0,70.87,Same Day,2.24,1
SHP0483,140,1336.2,7687.74,41.47,1,83.23,Second Class,4.56,1
SHP0484,402,846.42,2289.04,74.41,0,39.32,Second Class,4.24,1
SHP0485,242,279.41,5625.15,39.31,0,89.16,Standard,4.41,1
SHP0486,131,1657.6,8351.03,50.68,3,42.42,Standard,6.55,0
SHP0487,180,617.79,2432.36,38.95,3,82.07,Standard,6.52,0
SHP0488,274,94.94,6282.4,70.68,2,28.97,First Class,2.57,1
SHP0489,387,619.61,8887.72,45.42,0,43.07,Second Class,3.34,1
SHP0490,310,1431.05,1482.79,74.68,0,62.69,Standard,4.76,1
SHP0491,467,1122.76,932.36,86.41,0,61.99,Second Class,5.63,0
SHP0492,436,1352.76,6116.63,88.42,2,88.03,Standard,6.46,0
SHP0493,381,1429.58,3156.66,55.12,0,99.69,First Class,5.25,0
SHP0494,309,385.46,780.51,70.68,1,28.58,Second Class,3.13,1
SHP0495,159,1663.19,4356.45,71.6,3,41.71,Standard,7.35,0
SHP0496,218,791.19,6820.87,65.74,3,48.61,Second Class,5.65,0
SHP0497,77,1152.03,2673.33,77.58,3,58.31,Standard,7.29,0
SHP0498,199,9.14,3115.16,48.66,1,59.51,Second Class,2.68,1
SHP0499,464,1788.1,7634.44,98.65,2,88.5,Same Day,5.53,0
SHP0500,224,509.21,4752.64,41.38,0,81.64,Second Class,4.83,1
SHP0501,74,116.4,7608.18,88.9,3,21.51,First Class,2.94,1
SHP0502,332,827.58,4100.55,73.62,0,56.4,Standard,4.47,1
SHP0503,482,236.61,8583.83,50.92,2,69.45,First Class,3.0,1
SHP0504,436,278.43,5909.53,83.47,2,56.83,Standard,4.73,1
SHP0505,151,1139.95,1175.7,40.49,3,30.45,Standard,6.92,0
SHP0506,237,710.3,7983.07,85.34,1,51.8,Second Class,3.49,1
SHP0507,274,1659.73,4480.0,73.35,0,52.93,First Class,3.17,1
SHP0508,138,577.89,1403.5,42.2,3,35.02,Second Class,5.57,0
SHP0509,148,1308.49,1501.31,40.17,2,80.5,Standard,6.77,0
SHP0510,133,832.67,6234.68,83.8,1,45.71,Standard,6.25,0
SHP0511,497,1189.61,569.25,54.04,1,67.12,First Class,3.62,1
SHP0512,378,1081.45,2686.35,92.8,1,61.26,Standard,5.59,0
SHP0513,423,853.65,1387.12,84.53,1,90.19,Second Class,4.58,1
SHP0514,411,1710.36,4053.54,80.38,1,29.76,Second Class,5.01,0
SHP0515,480,620.17,3817.03,53.11,1,29.14,First Class,1.38,1
SHP0516,70,323.14,4768.61,81.08,1,44.03,Standard,4.66,1
SHP0517,443,1222.18,2624.78,96.63,0,54.5,First Class,3.64,1
SHP0518,51,1523.58,433.59,40.95,3,43.88,First Class,4.88,1
SHP0519,248,77.26,5587.32,56.2,0,81.05,First Class,2.04,1
SHP0520,305,812.09,3457.4,50.25,0,39.62,Standard,3.41,1
SHP0521,191,1607.02,5914.31,60.56,0,26.78,Second Class,4.55,1
SHP0522,90,1350.57,1111.7,83.25,3,53.1,First Class,4.36,1
SHP0523,112,1785.29,271.93,65.83,1,81.87,Second Class,6.19,0
SHP0524,415,958.89,2347.4,72.1,1,88.04,Standard,7.07,0
SHP0525,172,1189.69,4190.44,55.42,1,78.67,Second Class,5.99,0
SHP0526,168,547.95,3637.54,44.18,0,64.63,Standard,3.11,1
SHP0527,463,1705.83,7321.18,52.35,1,77.94,Second Class,5.27,0
SHP0528,89,662.57,3493.86,90.88,0,74.51,First Class,3.36,1
SHP0529,459,1330.63,4844.4,74.16,3,38.75,Standard,6.34,0
SHP0530,462,728.64,5402.61,59.57,0,64.06,Standard,3.48,1
SHP0531,307,1013.46,343.21,86.34,1,81.65,Second Class,5.3,0
SHP0532,99,1297.01,4708.93,39.19,3,45.37,Standard,6.25,0
SHP0533,94,918.54,3201.76,51.5,3,72.32,Standard,7.61,0
SHP0534,156,1633.22,3878.33,49.96,2,58.52,Second Class,5.55,0
SHP0535,297,757.65,1037.54,99.05,0,60.25,Standard,5.35,0
SHP0536,93,1166.49,7077.96,80.9,1,27.2,Standard,4.1,1
SHP0537,238,619.54,8490.28,75.16,0,73.3,Second Class,3.15,1
SHP0538,75,737.64,347.08,35.32,2,89.25,Standard,6.27,0
SHP0539,279,794.89,5472.15,46.98,1,31.31,Second Class,4.35,1
SHP0540,30,230.82,6910.02,76.31,2,49.29,Same Day,1.5,1
SHP0541,360,169.64,2670.55,59.68,2,23.89,Standard,4.11,1
SHP0542,46,1203.14,7119.87,95.08,3,22.37,Standard,5.17,0
SHP0543,113,1181.65,5746.34,84.71,1,99.17,Standard,6.14,0
SHP0544,103,1194.92,8373.09,64.08,3,59.48,Standard,7.08,0
SHP0545,418,40.48,8831.89,83.72,1,48.44,Standard,3.69,1
SHP0546,45,591.15,524.76,98.4,2,41.99,Second Class,4.29,1
SHP0547,226,360.07,4087.7,64.96,2,98.4,Standard,4.96,1
SHP0548,303,1401.78,4990.84,76.76,3,40.18,Standard,6.09,0
SHP0549,267,1549.83,1448.68,94.71,1,78.06,Standard,7.53,0
SHP0550,346,447.79,3126.13,51.16,3,42.7,Second Class,4.61,1
SHP0551,405,1203.79,8890.68,92.63,1,25.64,Second Class,3.66,1
SHP0552,208,237.21,293.64,41.34,1,74.66,Same Day,1.62,1
SHP0553,417,498.9,4154.7,77.15,1,20.13,Second Class,2.24,1
SHP0554,172,253.88,7607.49,85.88,2,74.06,First Class,2.99,1
SHP0555,492,513.92,3016.53,74.95,2,40.03,Standard,5.77,0
SHP0556,262,1216.15,4396.22,67.21,0,79.69,Standard,5.2,0
SHP0557,373,1639.04,8805.7,75.13,3,81.58,Second Class,8.07,0
SHP0558,440,368.53,4352.66,44.86,3,77.93,Second Class,5.0,1
SHP0559,400,978.03,1308.65,49.01,0,21.96,Standard,3.84,1
SHP0560,428,1264.0,607.74,52.54,3,76.3,First Class,5.67,0
SHP0561,277,1715.5,8516.94,73.86,2,99.21,Standard,5.65,0
SHP0562,40,1100.06,2502.41,63.72,0,39.41,Second Class,3.84,1
SHP0563,256,462.92,4610.97,50.89,1,41.94,First Class,2.53,1
SHP0564,107,1127.73,952.71,92.38,3,85.08,First Class,6.45,0
SHP0565,446,580.28,3899.35,59.3,1,32.83,Standard,4.82,1
SHP0566,133,1757.15,8381.43,63.99,3,72.85,First Class,5.12,0
SHP0567,129,722.42,4596.35,61.63,1,80.4,Standard,6.04,0
SHP0568,139,1235.34,8744.55,46.83,0,22.97,First Class,2.41,1
SHP0569,328,46.69,2440.7,82.56,1,64.3,First Class,2.07,1
SHP0570,294,723.11,4615.23,64.15,2,66.07,Standard,5.67,0
SHP0571,475,1575.82,7756.85,36.06,2,44.28,First Class,4.27,1
SHP0572,219,1100.36,4117.03,97.66,3,90.11,Same Day,5.58,0
SHP0573,155,801.88,2623.46,88.02,0,33.02,Standard,4.31,1
SHP0574,43,1685.01,7720.96,82.03,3,49.14,Standard,7.18,0
SHP0575,23,1537.9,3600.52,91.49,2,87.89,Second Class,6.96,0
SHP0576,199,583.38,4846.9,93.94,0,35.25,First Class,3.01,1
SHP0577,464,982.46,8792.26,56.94,3,85.71,Standard,7.22,0
SHP0578,271,884.23,1800.38,74.71,1,26.33,Standard,5.46,0
SHP0579,448,1139.8,2817.4,74.57,2,59.14,Standard,6.38,0
SHP0580,68,604.73,424.97,52.37,2,26.03,Standard,4.72,1
SHP0581,64,443.35,3617.76,49.43,0,74.23,Standard,4.97,1
SHP0582,420,1643.25,1921.62,42.4,0,83.25,Second Class,4.97,1
SHP0583,71,1663.35,6168.31,77.86,2,87.99,Second Class,6.47,0
SHP0584,44,1518.76,1754.69,85.76,1,98.5,Standard,7.78,0
SHP0585,213,1760.88,6122.09,84.46,0,73.76,Standard,7.0,0
SHP0586,463,1342.26,2481.76,55.56,0,81.52,Standard,5.41,0
SHP0587,350,1377.58,3293.68,48.34,3,60.46,Standard,6.39,0
SHP0588,67,1373.85,3237.42,64.48,0,93.02,Second Class,5.96,0
SHP0589,421,867.69,6493.25,70.54,0,71.5,Second Class,4.57,1
SHP0590,424,824.33,4278.61,94.74,2,90.68,Standard,6.5,0
SHP0591,404,436.21,3347.5,91.86,0,38.84,Second Class,2.86,1
SHP0592,453,1162.45,7695.71,94.54,2,59.74,Standard,6.35,0
SHP0593,135,524.33,5211.76,90.27,2,78.39,Standard,5.67,0
SHP0594,490,467.77,2042.4,97.7,2,36.22,Same Day,1.87,1
SHP0595,173,1056.8,8115.81,65.26,1,36.91,Standard,4.96,1
SHP0596,404,740.92,3182.46,38.09,3,98.24,Standard,6.71,0
SHP0597,298,397.85,494.97,40.43,2,54.77,Standard,4.56,1
SHP0598,394,1469.82,4527.21,60.37,1,34.55,Second Class,5.19,0
SHP0599,321,1549.72,1246.85,51.75,0,46.52,Standard,5.85,0
SHP0600,328,306.02,2260.43,46.05,1,51.79,Second Class,4.06,1
SHP0601,315,18.48,6761.93,96.96,0,69.85,Standard,3.68,1
SHP0602,393,608.35,1307.15,47.7,0,93.84,Same Day,2.6,1
SHP0603,374,1436.53,7291.46,97.36,1,98.93,Standard,6.69,0
SHP0604,84,1511.32,8441.63,84.45,0,72.14,Standard,4.82,1
SHP0605,416,253.3,5517.81,76.66,0,75.99,Standard,4.57,1
SHP0606,277,1394.93,6436.68,78.94,1,45.75,Standard,5.62,0
SHP0607,175,212.69,6465.24,56.55,2,88.57,Same Day,4.37,1
SHP0608,266,705.16,8936.35,77.02,0,37.42,Standard,4.93,1
SHP0609,484,1797.5,3172.61,47.13,1,28.51,Second Class,5.27,0
SHP0610,431,350.7,1591.28,95.95,0,97.86,Standard,4.92,1
SHP0611,420,281.36,4744.63,54.62,0,89.13,Same Day,1.78,1
SHP0612,242,763.93,4869.26,51.59,0,44.29,Standard,3.37,1
SHP0613,396,1117.31,1724.53,81.23,1,74.01,Second Class,3.88,1
SHP0614,204,1679.56,5576.02,77.67,2,57.36,Standard,6.05,0
SHP0615,349,1765.57,275.0,64.33,3,45.85,Standard,6.95,0
SHP0616,326,130.0,8359.87,76.11,2,42.94,First Class,1.52,1
SHP0617,139,252.71,2491.48,45.37,2,30.88,Second Class,3.18,1
SHP0618,147,1424.37,500.11,78.77,3,63.95,Standard,6.82,0
SHP0619,49,490.78,1108.01,52.59,1,55.73,Standard,4.32,1
SHP0620,87,1593.3,2276.2,52.73,3,60.97,Same Day,3.95,1
SHP0621,228,1195.9,2574.07,45.54,3,37.23,Second Class,5.11,0
SHP0622,249,205.76,440.37,56.6,2,95.09,Second Class,5.82,0
SHP0623,99,1499.39,2622.29,56.53,3,71.09,Standard,7.5,0
SHP0624,220,321.56,1857.53,64.52,0,91.97,Standard,4.06,1
SHP0625,310,765.17,3500.8,47.38,3,28.74,Same Day,2.73,1
SHP0626,131,996.17,3558.73,47.55,2,69.83,Standard,5.82,0
SHP0627,182,903.88,3150.22,70.21,0,87.96,Standard,4.59,1
SHP0628,196,1236.66,3052.13,43.38,0,46.47,Standard,4.08,1
SHP0629,262,1176.57,944.12,79.78,2,35.61,Same Day,3.69,1
SHP0630,195,1785.72,373.06,96.36,1,41.2,Second Class,5.04,0
SHP0631,373,1798.96,1938.71,62.74,1,41.83,Second Class,4.43,1
SHP0632,177,932.04,6846.35,93.57,1,55.78,First Class,3.61,1
SHP0633,228,175.88,8918.67,41.39,3,46.08,Second Class,4.32,1
SHP0634,202,1311.48,8367.46,37.79,1,41.7,Same Day,1.22,1
SHP0635,107,1758.11,4612.34,81.89,0,71.88,First Class,4.27,1
SHP0636,349,576.4,4856.64,84.47,1,24.24,Standard,4.75,1
SHP0637,133,832.87,2934.05,89.8,0,47.23,Second Class,3.98,1
SHP0638,162,767.47,6999.36,38.69,2,75.18,Standard,7.06,0
SHP0639,400,97.3,6918.1,85.5,3,34.07,Same Day,3.11,1
SHP0640,475,1211.71,7621.81,59.48,3,37.67,Standard,7.08,0
SHP0641,342,639.24,8075.22,54.72,2,36.05,Second Class,5.96,0
SHP0642,459,1418.5,3993.99,46.25,3,20.07,Standard,6.48,0
SHP0643,430,1498.66,6936.85,99.74,1,57.9,Standard,6.1,0
SHP0644,250,1479.11,7286.63,39.14,2,23.12,Second Class,5.46,0
SHP0645,389,752.92,2879.87,88.76,0,41.84,Standard,3.83,1
SHP0646,177,582.17,8373.79,76.57,2,99.58,First Class,4.52,1
SHP0647,241,1349.13,984.92,82.78,2,93.47,Standard,6.48,0
SHP0648,277,1443.49,8949.28,81.26,0,37.21,First Class,3.55,1
SHP0649,481,886.81,6965.3,90.8,2,44.8,Second Class,4.39,1
SHP0650,427,1607.99,975.45,46.95,2,57.1,First Class,4.29,1
SHP0651,254,263.32,5957.63,35.05,1,87.55,Standard,4.92,1
SHP0652,333,1582.93,452.49,73.9,2,84.21,Second Class,6.17,0
SHP0653,117,177.49,6966.15,58.0,1,30.1,Standard,2.4,1
SHP0654,406,280.58,7223.12,43.05,1,29.96,Second Class,2.04,1
SHP0655,285,963.24,5481.33,47.1,0,53.34,Second Class,2.95,1
SHP0656,275,126.2,7733.21,56.56,1,89.61,First Class,2.48,1
SHP0657,387,99.79,1016.27,39.57,3,90.57,Standard,5.91,0
SHP0658,323,5.93,2591.93,38.7,3,28.59,Standard,4.55,1
SHP0659,54,788.19,3815.47,94.54,2,65.94,First Class,4.89,1
SHP0660,158,1395.45,525.75,55.29,2,32.45,Standard,6.18,0
SHP0661,104,67.53,4116.71,98.84,2,74.89,Second Class,5.12,0
SHP0662,372,1175.8,2497.14,97.68,1,93.31,Same Day,4.02,1
SHP0663,36,1482.51,3625.7,44.27,1,56.38,Standard,5.75,0
SHP0664,117,306.56,3912.16,81.47,2,26.65,First Class,3.55,1
SHP0665,306,268.62,7932.79,74.05,3,66.34,First Class,4.61,1
SHP0666,353,1550.14,2542.52,79.89,1,52.68,Standard,6.08,0
SHP0667,261,1482.51,8059.63,41.25,2,84.87,Second Class,6.78,0
SHP0668,433,972.4,3919.84,47.26,1,47.23,Standard,3.33,1
SHP0669,461,1475.46,3051.1,39.98,1,89.99,Standard,5.99,0
SHP0670,83,171.5,4597.23,74.27,1,41.9,Standard,3.76,1
SHP0671,477,713.09,3847.03,99.13,0,32.6,Standard,4.79,1
SHP0672,314,1329.35,2427.74,78.68,1,44.52,Standard,6.44,0
SHP0673,325,467.13,4598.71,81.2,2,22.79,Second Class,2.92,1
SHP0674,65,1355.43,1493.45,99.0,2,42.5,Standard,7.0,0
SHP0675,318,910.0,3264.58,79.07,3,72.81,Standard,5.77,0
SHP0676,368,1351.73,5157.24,37.61,0,31.38,Standard,3.67,1
SHP0677,298,839.1,3808.66,91.36,3,28.91,First Class,3.97,1
SHP0678,60,665.39,7441.62,58.7,3,30.59,Standard,5.14,0
SHP0679,271,398.44,2421.99,35.28,1,26.2,Standard,2.7,1
SHP0680,469,379.04,8732.48,67.97,1,89.97,Second Class,4.75,1
SHP0681,367,1353.93,7094.79,95.91,1,95.53,Standard,6.91,0
SHP0682,85,218.44,8713.2,51.73,2,23.72,Second Class,4.08,1
SHP0683,480,159.34,7567.51,66.95,3,80.81,First Class,3.82,1
SHP0684,480,321.44,1407.62,46.3,2,78.97,Standard,5.16,0
SHP0685,101,319.75,4809.17,38.75,2,99.75,Second Class,4.79,1
SHP0686,404,1482.48,1654.31,40.24,2,47.83,Same Day,4.48,1
SHP0687,215,720.32,7391.31,82.26,0,42.84,Same Day,0.5,1
SHP0688,304,1782.75,5319.84,91.16,2,56.25,First Class,4.58,1
SHP0689,233,251.29,2481.53,44.31,0,88.53,Standard,4.16,1
SHP0690,395,1178.1,8376.95,53.74,3,78.29,Standard,6.09,0
SHP0691,498,810.47,1169.4,47.68,3,57.73,Standard,5.78,0
SHP0692,401,710.29,5140.18,36.75,2,39.57,First Class,3.2,1
SHP0693,467,1575.78,6531.21,70.97,1,78.16,Standard,5.85,0
SHP0694,474,1756.19,670.81,80.49,2,88.36,Standard,7.32,0
SHP0695,63,1571.78,5441.03,77.11,2,52.0,Standard,6.79,0
SHP0696,141,350.18,7370.73,60.22,2,73.49,Second Class,4.35,1
SHP0697,366,401.33,747.62,71.08,2,52.02,First Class,3.05,1
SHP0698,303,1182.65,4683.35,41.12,0,58.28,Standard,4.61,1
SHP0699,44,523.91,2438.23,45.03,0,61.99,Standard,4.01,1
SHP0700,65,1323.83,6016.88,95.57,1,82.06,Same Day,2.46,1
SHP0701,269,1021.73,1200.29,84.5,2,98.2,Standard,6.9,0
SHP0702,315,993.88,8442.91,94.98,1,55.55,First Class,3.42,1
SHP0703,100,1492.24,8068.35,94.58,2,47.39,Same Day,4.53,1
SHP0704,102,1280.41,1795.87,77.21,1,49.89,Standard,5.83,0
SHP0705,82,52.71,3010.9,95.34,3,30.71,Standard,5.6,0
SHP0706,291,93.78,5350.57,62.09,1,43.76,Second Class,2.47,1
SHP0707,23,1084.8,6504.85,35.24,3,26.92,Standard,5.41,0
SHP0708,294,877.71,4067.51,39.07,1,54.23,Standard,4.01,1
SHP0709,248,472.03,1533.18,42.12,1,33.39,Same Day,0.91,1
SHP0710,243,756.49,1071.74,41.2,2,47.71,Standard,5.93,0
SHP0711,346,1365.45,8997.92,57.86,1,83.49,Standard,7.01,0
SHP0712,270,1488.77,4179.87,80.58,0,39.67,Standard,4.24,1
SHP0713,369,1012.4,7871.91,86.39,1,68.95,Standard,5.23,0
SHP0714,386,696.74,4419.03,73.36,3,92.09,Standard,6.53,0
SHP0715,461,490.9,8312.87,44.52,0,65.35,First Class,2.81,1
SHP0716,403,941.84,926.67,83.61,1,35.5,First Class,2.08,1
SHP0717,268,569.98,1159.07,58.06,2,47.58,Standard,3.95,1
SHP0718,256,1017.55,8377.24,35.84,2,67.23,Standard,6.06,0
SHP0719,133,1219.59,8535.31,53.24,1,60.53,First Class,2.56,1
SHP0720,307,123.61,2935.25,56.49,0,31.89,First Class,1.17,1
SHP0721,86,6.92,3293.21,52.83,0,55.74,Standard,3.43,1
SHP0722,466,386.04,4154.18,87.77,1,63.45,Same Day,2.35,1
SHP0723,425,1610.65,3833.03,84.4,3,41.39,Same Day,4.14,1
SHP0724,77,1165.09,1831.9,80.21,0,69.0,Standard,4.88,1
SHP0725,397,313.67,8100.62,44.04,3,25.61,Standard,5.3,0
SHP0726,76,1603.02,2391.77,87.51,2,46.93,Standard,6.58,0
SHP0727,366,848.57,6391.66,79.02,0,84.34,Standard,4.59,1
SHP0728,62,859.58,744.33,47.66,1,40.74,Second Class,3.93,1
SHP0729,254,1684.3,492.95,77.13,0,68.41,Standard,5.96,0
SHP0730,335,111.78,5935.51,66.43,3,52.8,Second Class,5.55,0
SHP0731,369,391.25,3150.29,63.56,2,45.32,Second Class,4.58,1
SHP0732,220,1056.46,5950.82,42.29,1,93.29,Standard,6.54,0
SHP0733,462,355.9,982.09,68.69,1,47.46,Standard,3.85,1
SHP0734,391,1224.75,8556.18,41.5,2,38.93,Standard,5.18,0
SHP0735,119,389.3,6774.35,45.68,0,92.74,First Class,2.66,1
SHP0736,342,182.99,7904.97,43.62,1,79.68,Standard,4.37,1
SHP0737,370,376.54,1357.76,97.02,0,74.54,Standard,3.72,1
SHP0738,180,763.81,2983.42,53.52,2,23.96,Standard,5.59,0
SHP0739,374,321.17,3409.85,58.09,2,30.5,Standard,4.96,1
SHP0740,451,246.77,4903.98,55.94,1,71.07,Second Class,3.56,1
SHP0741,412,1549.21,2777.29,93.39,0,36.75,Standard,5.5,0
SHP0742,386,580.11,686.58,71.59,1,38.05,Standard,4.51,1
SHP0743,324,652.56,3414.57,94.75,3,82.33,Standard,6.95,0
SHP0744,149,104.21,2402.76,54.5,0,42.87,Standard,2.35,1
SHP0745,401,646.48,3565.4,42.46,0,25.73,Standard,3.4,1
SHP0746,194,480.33,1893.09,71.15,0,22.91,Same Day,0.78,1
SHP0747,275,1100.82,2467.78,57.46,3,55.45,First Class,5.12,0
SHP0748,170,373.68,5698.53,87.12,0,69.37,Standard,3.81,1
SHP0749,170,1599.62,3585.16,92.16,2,89.51,Standard,5.56,0
SHP0750,95,1673.75,3206.64,65.72,3,28.86,Standard,5.87,0
SHP0751,481,184.2,4875.06,98.14,2,35.73,Same Day,1.91,1
SHP0752,90,197.79,6980.97,70.95,1,62.38,Second Class,3.68,1
SHP0753,61,212.01,3502.98,52.61,0,49.13,Standard,4.55,1
SHP0754,469,1117.13,5349.55,66.78,0,58.6,Standard,5.17,0
SHP0755,286,223.93,8700.89,37.43,0,93.93,First Class,2.64,1
SHP0756,230,1535.03,4769.52,87.26,3,63.59,Standard,7.14,0
SHP0757,373,1358.92,8201.71,41.59,0,53.21,First Class,3.96,1
SHP0758,203,1476.56,7174.0,55.07,0,99.16,Second Class,4.8,1
SHP0759,81,949.28,669.66,71.75,3,25.22,First Class,3.98,1
SHP0760,370,1794.04,3947.53,37.79,1,94.57,Same Day,3.32,1
SHP0761,104,84.29,6330.12,40.16,1,60.13,First Class,3.3,1
SHP0762,285,725.27,8882.4,80.25,2,60.3,Standard,5.79,0
SHP0763,475,586.47,4206.63,39.67,2,93.76,Standard,5.27,0
SHP0764,469,1707.82,971.15,66.01,3,60.59,Standard,7.11,0
SHP0765,193,1040.47,5123.78,57.02,1,55.07,Second Class,4.76,1
SHP0766,394,1452.11,1270.09,49.83,2,41.8,Second Class,5.03,0
SHP0767,314,310.76,6800.95,47.27,3,72.71,Second Class,4.57,1
SHP0768,250,1761.65,4642.94,84.62,1,65.57,Standard,5.93,0
SHP0769,87,900.06,6552.37,96.85,1,37.15,Second Class,4.4,1
SHP0770,200,891.14,7843.85,44.11,3,76.75,Standard,6.13,0
SHP0771,332,1747.74,5716.19,97.38,0,71.53,Standard,5.67,0
SHP0772,493,688.41,5570.09,73.66,0,51.79,Standard,3.33,1
SHP0773,22,718.56,6827.95,76.71,2,20.35,First Class,3.24,1
SHP0774,364,1054.63,7605.73,81.15,3,55.73,Standard,6.29,0
SHP0775,426,234.85,7841.13,80.77,0,20.48,First Class,1.33,1
SHP0776,476,581.35,472.41,88.29,3,26.0,Same Day,2.87,1
SHP0777,223,351.81,5072.28,66.43,3,54.45,Standard,5.94,0
SHP0778,76,190.39,2063.98,69.67,3,26.55,Standard,5.23,0
SHP0779,150,1559.73,7764.06,56.05,1,42.05,Standard,5.87,0
SHP0780,428,1062.85,5888.32,41.84,1,72.44,First Class,3.62,1
SHP0781,441,648.82,3868.97,78.2,2,44.69,Standard,4.78,1
SHP0782,325,738.56,1814.72,37.18,0,99.81,Standard,4.23,1
SHP0783,78,779.58,3150.36,52.92,3,93.3,Second Class,5.5,0
SHP0784,78,1141.5,6378.43,41.12,2,66.82,Standard,5.93,0
SHP0785,249,1668.55,1958.58,47.4,1,97.36,First Class,4.48,1
SHP0786,302,1679.34,978.21,76.52,2,89.44,Standard,7.25,0
SHP0787,35,707.73,8009.05,75.85,2,45.51,Standard,4.6,1
SHP0788,349,596.03,6913.26,62.37,2,79.97,Standard,4.55,1
SHP0789,281,814.63,1918.19,40.86,3,30.95,Standard,5.96,0
SHP0790,25,1024.44,2736.96,63.17,3,74.76,Second Class,5.6,0
SHP0791,65,833.96,8752.82,57.93,3,59.29,Standard,5.52,0
SHP0792,238,1187.46,6417.43,81.83,2,21.35,Standard,4.69,1
SHP0793,366,1000.15,5553.12,72.64,2,41.94,First Class,4.17,1
SHP0794,416,580.68,2872.51,66.95,1,96.43,First Class,4.68,1
SHP0795,227,625.59,2797.26,66.65,0,45.27,Standard,3.7,1
SHP0796,161,684.57,499.78,97.81,1,34.52,Standard,4.44,1
SHP0797,484,174.88,6597.06,84.16,3,35.0,Standard,5.69,0
SHP0798,240,303.08,532.1,67.3,0,58.34,Standard,2.64,1
SHP0799,171,1302.99,192.99,66.15,2,87.41,Standard,7.91,0
SHP0800,232,703.43,6606.03,36.72,0,80.64,Second Class,5.4,0
SHP0801,25,390.1,8547.53,96.26,1,54.95,Second Class,2.13,1
SHP0802,164,1015.0,6845.05,55.75,0,36.7,Standard,4.15,1
SHP0803,267,1361.19,4324.02,51.64,2,23.69,Standard,5.0,1
SHP0804,460,467.07,4451.5,99.96,3,57.01,Standard,5.66,0
SHP0805,374,1489.09,4009.81,81.71,3,85.18,Standard,7.19,0
SHP0806,395,1669.87,3023.1,38.08,2,78.37,Standard,7.27,0
SHP0807,281,1077.32,4767.17,39.02,0,52.69,Standard,4.4,1
SHP0808,73,1205.76,3965.69,36.66,2,67.58,Standard,5.39,0
SHP0809,207,99.37,5443.79,73.98,0,54.9,Same Day,0.84,1
SHP0810,498,1702.21,8098.36,39.65,1,66.32,Standard,6.36,0
SHP0811,41,709.51,8955.83,95.67,2,61.4,Standard,4.86,1
SHP0812,442,1663.4,846.88,95.9,2,74.48,Same Day,3.34,1
SHP0813,348,1044.26,3554.45,70.49,0,60.62,Standard,6.06,0
SHP0814,156,13.29,1749.25,75.08,3,95.25,Standard,5.41,0
SHP0815,393,74.18,3266.27,53.97,1,54.24,Standard,3.85,1
SHP0816,421,1226.35,2694.14,39.16,3,21.27,Standard,5.48,0
SHP0817,40,1014.99,1694.65,82.93,2,38.91,Second Class,5.17,0
SHP0818,71,52.63,6912.07,41.62,2,60.05,First Class,4.05,1
SHP0819,339,1339.51,4542.16,40.56,2,63.25,Second Class,5.77,0
SHP0820,499,1534.6,8285.32,55.23,3,64.19,Second Class,5.29,0
SHP0821,31,896.07,438.44,35.81,0,77.16,Standard,3.78,1
SHP0822,339,841.03,742.76,63.21,2,41.97,Standard,4.98,1
SHP0823,85,14.82,3718.97,81.0,0,73.19,Standard,3.65,1
SHP0824,332,1417.04,860.45,87.09,1,76.32,First Class,3.43,1
SHP0825,319,598.64,2475.16,74.28,3,52.9,Second Class,5.6,0
SHP0826,63,1582.38,8876.36,90.05,3,52.17,First Class,4.72,1
SHP0827,346,674.64,1999.29,61.42,1,34.31,Standard,5.32,0
SHP0828,450,1019.31,1903.34,90.17,1,53.12,First Class,4.85,1
SHP0829,434,490.26,5226.72,67.92,2,82.95,Standard,5.43,0
SHP0830,33,293.26,4557.28,49.5,1,92.72,Standard,5.15,0
SHP0831,138,1395.96,5286.88,96.37,0,67.49,Standard,4.67,1
SHP0832,135,896.38,3484.11,52.87,1,43.95,Second Class,4.44,1
SHP0833,237,968.0,7466.85,36.7,1,74.58,Second Class,4.25,1
SHP0834,88,1737.92,1376.44,50.77,2,79.21,Standard,6.21,0
SHP0835,430,1734.63,3941.27,58.83,3,46.58,Standard,6.73,0
SHP0836,392,1540.88,6254.39,57.84,2,86.12,First Class,4.94,1
SHP0837,408,341.76,7833.89,69.1,1,25.9,Standard,3.63,1
SHP0838,115,1071.72,3420.71,92.4,2,20.86,Standard,5.93,0
SHP0839,26,1581.27,5174.55,54.0,3,29.84,Second Class,5.2,0
SHP0840,457,677.16,761.89,68.85,1,32.48,First Class,3.89,1
SHP0841,158,186.49,1657.32,57.11,1,90.31,Second Class,3.18,1
SHP0842,335,1460.68,761.87,88.42,0,54.0,Second Class,5.61,0
SHP0843,456,869.77,6591.75,45.24,3,41.99,Second Class,4.36,1
SHP0844,37,1018.08,2699.33,41.73,3,54.33,Standard,6.1,0
SHP0845,22,1767.95,6555.15,67.69,0,51.59,Second Class,4.44,1
SHP0846,22,1094.94,737.62,78.67,1,44.12,Standard,4.91,1
SHP0847,95,767.84,7783.55,86.71,1,31.03,Standard,5.07,0
SHP0848,44,669.12,7544.44,73.33,3,72.47,First Class,5.57,0
SHP0849,413,754.63,937.02,85.3,0,30.93,First Class,3.15,1
SHP0850,310,217.53,360.25,60.53,0,82.03,Standard,3.84,1
SHP0851,490,1431.58,648.16,37.14,1,36.14,Standard,5.26,0
SHP0852,404,1508.7,7704.63,42.55,2,78.51,Standard,6.07,0
SHP0853,482,515.49,2227.13,37.52,0,84.45,Same Day,1.12,1
SHP0854,134,550.31,5002.22,56.38,2,30.03,Second Class,3.19,1
SHP0855,158,1574.43,3922.26,67.21,2,26.94,Same Day,2.99,1
SHP0856,427,48.03,7190.4,58.16,3,95.97,Standard,5.95,0
SHP0857,137,939.22,4476.75,71.44,0,57.04,Standard,3.34,1
SHP0858,47,837.3,4580.85,66.24,0,70.42,Standard,4.64,1
SHP0859,341,1243.78,8903.46,79.07,0,21.86,Standard,5.35,0
SHP0860,404,298.29,1478.65,78.35,3,42.3,Second Class,5.27,0
SHP0861,484,1204.65,7501.73,55.67,2,60.43,Standard,5.59,0
SHP0862,465,681.24,607.99,57.5,2,90.9,Same Day,2.39,1
SHP0863,77,1115.59,4377.19,73.03,3,41.72,Standard,6.48,0
SHP0864,390,76.97,7994.06,73.77,2,82.02,Standard,3.61,1
SHP0865,426,833.8,6037.14,55.46,0,72.98,Standard,5.37,0
SHP0866,355,942.44,6214.15,56.47,2,29.22,Second Class,4.26,1
SHP0867,413,389.72,2480.36,80.11,2,43.47,Standard,6.02,0
SHP0868,422,255.62,3854.39,77.08,0,39.03,Standard,2.35,1
SHP0869,234,343.31,3394.24,43.78,2,55.4,First Class,3.77,1
SHP0870,39,622.73,4764.77,63.67,1,70.83,First Class,3.29,1
SHP0871,238,178.77,4240.72,93.03,0,54.67,Standard,3.54,1
SHP0872,116,1705.44,3043.05,37.36,1,39.56,Second Class,3.94,1
SHP0873,74,731.96,2853.5,90.59,1,75.67,First Class,4.12,1
SHP0874,79,1457.1,2370.05,45.61,1,66.76,First Class,4.61,1
SHP0875,354,1754.08,3380.67,67.97,1,61.55,First Class,5.73,0
SHP0876,262,149.92,1476.98,62.58,2,64.35,Second Class,4.77,1
SHP0877,279,1174.75,7868.12,35.66,1,37.75,Standard,4.47,1
SHP0878,377,1569.18,5478.76,94.5,1,74.43,First Class,4.09,1
SHP0879,283,1143.45,1334.01,64.57,3,51.0,Standard,5.44,0
SHP0880,322,775.1,6290.66,97.03,0,49.08,Second Class,4.65,1
SHP0881,61,778.78,7651.85,53.64,1,31.98,Second Class,3.18,1
SHP0882,428,69.44,2252.19,91.31,0,67.75,First Class,3.21,1
SHP0883,235,964.61,1482.82,94.96,3,68.21,Standard,6.95,0
SHP0884,94,1788.41,226.26,71.19,0,47.22,Standard,5.64,0
SHP0885,410,1725.88,568.17,48.17,3,88.79,Second Class,6.71,0
SHP0886,372,77.52,6895.92,79.54,0,87.64,Same Day,1.98,1
SHP0887,45,1271.91,8886.6,70.68,1,28.72,Second Class,4.31,1
SHP0888,112,546.67,547.19,96.39,2,75.6,First Class,3.86,1
SHP0889,27,1625.87,6770.43,63.55,3,51.51,Standard,7.36,0
SHP0890,149,85.98,785.98,52.45,0,99.98,First Class,2.52,1
SHP0891,67,1684.89,5390.38,43.99,0,38.0,Standard,4.45,1
SHP0892,360,1508.27,6841.27,80.41,3,42.44,Standard,7.1,0
SHP0893,270,215.92,3328.96,98.32,1,55.37,Standard,4.35,1
SHP0894,490,112.38,246.77,36.84,0,41.5,Standard,3.42,1
SHP0895,379,1503.3,5417.43,83.13,2,75.36,Same Day,3.86,1
SHP0896,313,284.59,8922.51,95.25,0,58.47,Standard,3.18,1
SHP0897,264,965.14,2429.91,39.86,3,37.67,First Class,5.25,0
SHP0898,46,1648.76,1827.0,42.16,3,60.51,Standard,7.98,0
SHP0899,53,1023.57,1246.74,79.98,3,91.1,Standard,7.57,0
SHP0900,315,718.03,5064.01,77.12,1,83.39,Same Day,2.52,1
SHP0901,22,803.8,5428.54,39.47,0,59.91,Standard,4.08,1
SHP0902,40,118.3,7161.6,89.24,1,43.08,Same Day,2.3,1
SHP0903,125,1743.91,6814.7,69.02,1,34.39,First Class,3.85,1
SHP0904,444,562.62,8048.99,93.97,3,90.27,Standard,6.1,0
SHP0905,240,344.91,7281.09,92.07,2,76.81,Second Class,5.97,0
SHP0906,360,518.45,2338.31,87.81,3,65.77,Standard,5.95,0
SHP0907,217,1736.05,5069.52,68.53,3,90.35,Standard,8.92,0
SHP0908,103,174.24,2782.1,51.36,2,29.74,Standard,3.24,1
SHP0909,198,1561.81,3068.6,67.89,0,74.6,Second Class,5.26,0
SHP0910,64,1275.58,8397.71,41.55,0,37.34,First Class,4.2,1
SHP0911,389,1494.88,6184.78,77.82,0,29.65,Standard,4.81,1
SHP0912,108,1756.74,8775.13,43.71,2,57.25,First Class,4.73,1
SHP0913,200,1516.67,3839.68,68.23,0,50.99,Standard,4.39,1
SHP0914,490,1698.37,4906.32,38.53,3,95.29,Second Class,7.64,0
SHP0915,304,232.85,4460.97,54.47,0,45.92,Second Class,2.23,1
SHP0916,240,1433.44,1099.49,50.09,3,85.19,Standard,7.14,0
SHP0917,280,984.49,2244.81,75.3,2,79.91,Standard,5.37,0
SHP0918,396,980.57,4819.58,86.14,0,73.43,Standard,6.03,0
SHP0919,142,1618.56,746.26,38.72,0,93.63,Standard,6.61,0
SHP0920,325,1749.39,8393.44,90.27,1,52.63,Second Class,5.42,0
SHP0921,438,1270.18,1246.02,90.95,1,51.17,Second Class,4.09,1
SHP0922,294,871.87,1902.13,57.25,1,32.88,Same Day,2.93,1
SHP0923,234,824.24,6923.09,77.84,2,42.06,Standard,5.08,0
SHP0924,89,698.48,1007.87,61.17,0,90.38,Second Class,3.41,1
SHP0925,139,654.07,8117.46,45.02,0,57.95,Standard,2.95,1
SHP0926,474,707.75,6572.45,69.36,2,47.31,First Class,3.2,1
SHP0927,279,166.11,757.29,40.61,3,37.29,Standard,3.82,1
SHP0928,164,144.0,6272.85,92.1,1,58.8,Standard,3.93,1
SHP0929,220,1404.87,5739.91,95.08,3,77.33,Standard,7.78,0
SHP0930,297,805.7,6852.54,88.4,1,42.94,Same Day,1.98,1
SHP0931,278,1675.58,7479.55,71.56,1,80.62,Standard,6.67,0
SHP0932,355,1103.94,6507.4,71.24,0,70.38,First Class,2.95,1
SHP0933,143,68.14,5337.66,99.0,1,83.01,Second Class,4.06,1
SHP0934,331,287.75,3003.8,51.11,1,40.07,First Class,3.57,1
SHP0935,232,374.45,6320.87,39.94,2,70.48,Second Class,4.13,1
SHP0936,471,1756.45,8619.2,71.53,0,32.3,Standard,5.37,0
SHP0937,95,397.57,5349.57,56.37,0,49.1,First Class,1.08,1
SHP0938,91,930.78,6029.45,55.95,1,77.95,Second Class,5.69,0
SHP0939,241,1685.44,4018.58,35.46,0,70.53,Standard,5.19,0
SHP0940,264,1759.06,6841.67,73.76,0,35.03,Standard,5.87,0
SHP0941,351,429.27,8979.36,52.16,2,88.67,Standard,5.44,0
SHP0942,213,93.17,1569.45,47.21,3,24.27,Standard,4.88,1
SHP0943,458,280.72,1941.29,37.63,2,67.62,First Class,3.72,1
SHP0944,247,118.67,4924.02,58.68,0,98.71,Standard,3.98,1
SHP0945,82,355.25,4410.17,92.13,3,62.52,Same Day,3.86,1
SHP0946,77,1025.58,5208.39,56.88,2,84.05,Second Class,4.99,1
SHP0947,487,1642.85,584.31,79.14,2,67.61,Same Day,4.67,1
SHP0948,84,969.31,3727.85,84.18,0,82.65,Standard,4.9,1
SHP0949,474,1128.65,5309.36,56.33,2,72.45,Second Class,5.62,0
SHP0950,153,367.35,5328.94,88.41,0,75.29,Standard,4.03,1
SHP0951,64,1442.05,5967.41,79.97,2,38.22,Second Class,5.33,0
SHP0952,166,1113.93,6523.91,71.35,0,79.35,Second Class,3.79,1
SHP0953,315,1556.13,5827.69,35.06,3,39.03,Second Class,5.89,0
SHP0954,225,1708.17,7143.65,37.28,0,98.45,Same Day,3.47,1
SHP0955,397,629.48,5679.13,99.41,2,38.22,Second Class,4.09,1
SHP0956,313,167.59,4906.94,85.85,0,38.93,Standard,3.38,1
SHP0957,212,410.54,5514.84,95.94,2,88.69,Standard,5.85,0
SHP0958,324,790.93,1045.56,93.65,1,39.44,Same Day,1.77,1
SHP0959,486,1702.52,2567.44,36.33,3,48.87,Standard,6.71,0
SHP0960,217,684.07,4817.49,86.47,2,77.17,Second Class,4.48,1
SHP0961,93,1388.54,7875.94,64.32,1,32.7,Same Day,4.12,1
SHP0962,216,975.16,6159.61,86.32,0,32.73,First Class,3.37,1
SHP0963,423,333.14,950.11,35.44,2,58.91,Second Class,4.25,1
SHP0964,124,580.72,5391.63,53.73,1,39.5,Second Class,4.34,1
SHP0965,475,1177.48,2112.38,83.84,0,38.85,Standard,3.33,1
SHP0966,302,1212.77,6646.05,86.55,2,20.74,First Class,2.19,1
SHP0967,308,785.39,7472.85,75.28,0,49.64,Standard,4.03,1
SHP0968,172,415.42,5402.09,54.58,0,45.46,Second Class,2.05,1
SHP0969,461,1300.82,5383.56,55.17,0,22.49,Standard,4.14,1
SHP0970,37,308.13,3146.53,97.84,1,69.7,Standard,4.9,1
SHP0971,163,1686.32,4099.31,63.55,0,70.13,Second Class,5.57,0
SHP0972,220,342.29,7797.36,64.06,0,25.66,Same Day,0.5,1
SHP0973,249,197.63,6551.38,70.9,1,45.36,Standard,4.29,1
SHP0974,247,898.28,4749.82,61.62,0,89.82,Standard,5.07,0
SHP0975,91,937.59,3408.86,70.92,0,66.57,Standard,4.97,1
SHP0976,128,917.21,595.86,63.1,1,52.96,First Class,3.04,1
SHP0977,65,788.82,1415.62,88.74,0,57.21,Standard,5.41,0
SHP0978,294,1790.69,1858.27,94.09,3,36.66,Second Class,6.26,0
SHP0979,188,877.87,3454.44,95.59,1,84.95,First Class,5.26,0
SHP0980,291,862.91,8505.67,71.68,3,93.12,Standard,6.28,0
SHP0981,303,762.07,4620.61,63.74,3,92.85,Standard,7.1,0
SHP0982,356,124.95,2228.34,80.84,3,37.91,Standard,4.93,1
SHP0983,282,1069.36,1085.89,89.49,2,44.86,Standard,5.51,0
SHP0984,331,414.2,3144.0,71.59,1,32.85,Second Class,3.78,1
SHP0985,301,1149.51,7369.22,80.5,2,44.58,Standard,5.57,0
SHP0986,333,96.25,3542.58,83.73,0,46.62,Second Class,1.03,1
SHP0987,315,1766.59,6986.68,78.97,3,70.65,Same Day,2.92,1
SHP0988,171,846.86,7253.94,83.5,1,35.17,Second Class,4.83,1
SHP0989,138,1614.68,1130.76,48.56,0,93.55,Standard,6.71,0
SHP0990,397,858.63,5536.64,67.39,0,28.25,Second Class,4.47,1
SHP0991,184,113.29,8638.0,73.24,0,20.55,First Class,1.33,1
SHP0992,283,1480.87,3708.92,35.16,0,88.4,Standard,4.74,1
SHP0993,114,1168.49,600.86,90.64,2,76.3,Standard,6.15,0
SHP0994,227,1408.25,8321.23,74.65,0,48.43,Standard,5.02,0
SHP0995,274,773.56,7970.45,43.39,3,67.64,Standard,5.4,0
SHP0996,320,1150.1,4770.95,88.06,1,37.88,Second Class,5.51,0
SHP0997,272,1541.93,5037.44,81.61,2,33.47,Standard,7.5,0
SHP0998,193,1137.76,2023.91,84.29,1,57.69,Standard,5.77,0
SHP0999,481,629.07,7402.14,60.48,0,48.26,Standard,3.98,1
SHP1000,266,1194.24,4562.61,90.52,0,69.22,Standard,4.38,1
